<?xml version="1.0" encoding="utf-8"?>
<extension type="component" version="3.0" method="upgrade">
    <name>com_engine_data</name>
    <creationDate>2014-04-10</creationDate>
    <copyright>Copyright Aviation Media (TM) 2014. All rights reserved.</copyright>
    <license>GNU General Public License version 2 or later; see LICENSE.txt</license>
    <author>Jose Cuenca</author>
    <authorEmail>jose@aviationmedia.aero</authorEmail>
    <authorUrl>http://www.aviationmedia.aero</authorUrl>
    <version>1.0.2</version>
    <description>Show information of  engine data</description>
    
    <install> <!-- Runs on install -->
        <sql>
            <file driver="mysql" charset="utf8">sql/install.mysql.utf8.sql</file>
        </sql>
    </install>
    <uninstall> <!-- Runs on uninstall -->
        <sql>
            <file driver="mysql" charset="utf8">sql/uninstall.mysql.utf8.sql</file>
        </sql>
    </uninstall>

    <files folder="site">
        <filename>index.html</filename>
        <filename>engine_data.php</filename>
        <filename>controller.php</filename>
        <filename>router.php</filename>
        <folder>views</folder>
        <folder>models</folder>
        <folder>controllers</folder>
        <folder>helpers</folder>
    </files>
    <languages folder="site">
        
			<language tag="en-GB">language/en-GB.com_engine_data.ini</language>
    </languages>
    <administration>
        <menu img="components/com_engine_data/assets/images/s_com_engine_data.png" >COM_ENGINE_DATA</menu>
        <submenu>
            
			<menu link="option=com_engine_data&amp;view=enginedata" view="enginedata" img="components/com_engine_data/assets/images/s_enginedata.png" alt="Engine_data/Enginedata">COM_ENGINE_DATA_TITLE_ENGINEDATA</menu>

			<menu link="option=com_engine_data&amp;view=importenginedatas" view="importenginedatas" img="components/com_engine_data/assets/images/s_importenginedatas.png" alt="Engine_data/Importenginedatas">COM_ENGINE_DATA_TITLE_IMPORTENGINEDATAS</menu>

        </submenu>
        <files folder="administrator">
            <filename>access.xml</filename>
            <filename>config.xml</filename>
            <filename>controller.php</filename>
            <filename>index.html</filename>
            <filename>engine_data.php</filename>
            <folder>controllers</folder>
            <folder>assets</folder>
            <folder>helpers</folder>
            <folder>models</folder>
            <folder>sql</folder>
            <folder>tables</folder>
            <folder>views</folder>
        </files>
        <languages folder="administrator">
            
			<language tag="en-GB">language/en-GB.com_engine_data.ini</language>
			<language tag="en-GB">language/en-GB.com_engine_data.sys.ini</language>
        </languages>
    </administration>
</extension>
<!-- Component built by the Joomla Component Creator -->
<!-- http://www.component-creator.com/ -->
