<?xml version="1.0" encoding="utf-8"?>
<extension type="component" version="3.0" method="upgrade">
    <name>com_floorplan</name>
    <creationDate>2014-09-23</creationDate>
    <copyright>Copyright (C) 2014. All rights reserved.</copyright>
    <license>GNU General Public License version 2 or later; see LICENSE.txt</license>
    <author>Jose Cuenca</author>
    <authorEmail>jose@aviationmedia.aero</authorEmail>
    <authorUrl>http://www.aviationmedia.aero</authorUrl>
    <version>1.3.0</version>
    <description>Exhibitors and Floor-plan component</description>
    
    
    
    <install> <!-- Runs on install -->
        <sql>
            <file driver="mysql" charset="utf8">sql/install.mysql.utf8.sql</file>
        </sql>
    </install>
    <uninstall> <!-- Runs on uninstall -->
        <sql>
            <file driver="mysql" charset="utf8">sql/uninstall.mysql.utf8.sql</file>
        </sql>
    </uninstall>

    <files folder="site">
        <filename>index.html</filename>
        <filename>floorplan.php</filename>
        <filename>controller.php</filename>
        <filename>router.php</filename>
        <folder>views</folder>
        <folder>models</folder>
        <folder>controllers</folder>
        <folder>helpers</folder>
        <folder>assets</folder>
    </files>
    <languages folder="site">
        
			<language tag="en-GB">language/en-GB/en-GB.com_floorplan.ini</language>
    </languages>
    <administration>
        <menu img="components/com_floorplan/assets/images/s_com_floorplan.png" >COM_FLOORPLAN</menu>
        <submenu>
            
			<menu link="option=com_floorplan&amp;view=booths" view="booths" img="components/com_floorplan/assets/images/s_booths.png" alt="Floorplan/Booths">COM_FLOORPLAN_TITLE_BOOTHS</menu>

        </submenu>
        <files folder="administrator">
            <filename>access.xml</filename>
            <filename>config.xml</filename>
            <filename>controller.php</filename>
            <filename>index.html</filename>
            <filename>floorplan.php</filename>
            <folder>controllers</folder>
            <folder>assets</folder>
            <folder>helpers</folder>
            <folder>models</folder>
            <folder>sql</folder>
            <folder>tables</folder>
            <folder>views</folder>
            <folder>language</folder>
        </files>
        <languages folder="administrator">
            
			<language tag="en-GB">language/en-GB/en-GB.com_floorplan.ini</language>
			<language tag="en-GB">language/en-GB/en-GB.com_floorplan.sys.ini</language>
        </languages>
    </administration>
    <plugins>
        <plugin group="search" plugin="floorplan"/>
    </plugins>
    
</extension>
<!-- Component built by the Joomla Component Creator -->
<!-- http://www.component-creator.com/ -->
