<?xml version="1.0" encoding="utf-8"?>
<extension type="component" version="3.0" method="upgrade">
    <name>com_download</name>
    <creationDate>2014-02-12</creationDate>
    <copyright>Aviation Media (TM) Copyright (C) 2014. All rights reserved.</copyright>
    <license>GNU General Public License version 2 or later; see LICENSE.txt</license>
    <author>Jose</author>
    <authorEmail>jose@aviationmedia.aero</authorEmail>
    <authorUrl>http://www.aviationmedia.aero</authorUrl>
    <version>1.1.0</version>
    <description>Download Page</description>
    
    <install> <!-- Runs on install -->
        <sql>
            <file driver="mysql" charset="utf8">sql/install.mysql.utf8.sql</file>
        </sql>
    </install>
    <uninstall> <!-- Runs on uninstall -->
        <sql>
            <file driver="mysql" charset="utf8">sql/uninstall.mysql.utf8.sql</file>
        </sql>
    </uninstall>

    <files folder="site">
        <filename>index.html</filename>
        <filename>download.php</filename>
        <filename>controller.php</filename>
        <filename>router.php</filename>
        <folder>views</folder>
        <folder>models</folder>
        <folder>controllers</folder>
        <folder>helpers</folder>
    </files>
    <languages folder="site">
        
			<language tag="en-GB">language/en-GB.com_download.ini</language>
    </languages>
    <administration>
        <menu img="components/com_download/assets/images/s_com_download.png" >COM_DOWNLOAD</menu>
        <submenu>
            
			<menu link="option=com_download&amp;view=downloads" view="downloads" img="components/com_download/assets/images/s_downloads.png" alt="Download/Downloads">COM_DOWNLOAD_TITLE_DOWNLOADS</menu>

			<menu link="option=com_categories&amp;extension=com_download" view="categories" img="components/com_download/assets/images/s_downloads.png" alt="Download/Categories">COM_DOWNLOAD_DOWNLOADS_CATEGORY</menu>

        </submenu>
        <files folder="administrator">
            <filename>access.xml</filename>
            <filename>config.xml</filename>
            <filename>controller.php</filename>
            <filename>index.html</filename>
            <filename>download.php</filename>
            <folder>controllers</folder>
            <folder>assets</folder>
            <folder>helpers</folder>
            <folder>models</folder>
            <folder>sql</folder>
            <folder>tables</folder>
            <folder>views</folder>
        </files>
        <languages folder="administrator">
            
			<language tag="en-GB">language/en-GB.com_download.ini</language>
			<language tag="en-GB">language/en-GB.com_download.sys.ini</language>
        </languages>
    </administration>
</extension>
<!-- Component built by the Joomla Component Creator -->
<!-- http://www.notwebdesign.com/joomla-component-creator/ -->
