<?xml version="1.0" encoding="utf-8"?>
<extension type="module" client="site" version="3.0" method="upgrade">
    <name>supporters Module</name>
    <author>Jose Cuenca</author>
    <creationDate>4 April 2014</creationDate>
    <copyright>Copyright (c) GPL</copyright>
    <authorEmail>jose@aviationmedia.aero</authorEmail>
    <authorUrl>www.aviationmedia.aero</authorUrl>
    <version>1.0.0</version>
    <license>http://www.gnu.org/licenses/gpl-2.0.html GNU/GPL</license>
    <description>Based on supporters component</description>
    <files>
    	<filename>mod_supporters.xml</filename>
        <filename module="mod_supporters">mod_supporters.php</filename>
        <filename>helper.php</filename>
        <filename>index.html</filename>
        <folder>tmpl</folder>    
    </files>
        <languages>
		<language tag="en-GB">language/en-GB/en-GB.mod_supporters.ini</language>
		<language tag="en-GB">language/en-GB/en-GB.mod_supporters.sys.ini</language>		
	</languages>
    <config>
        <fields name="params">
            <fieldset name="basic">
                <field name="moduleclass_sfx" type="text" default="" label="MOD_supporters_CLASS_SUFFIX" description="MOD_supporters_CLASS_SUFFIX_DESCRIPTION"/>
                             <field name="moduleclass_sfx" type="text" default="" label="MOD_supporters_CLASS_SUFFIX" description="MOD_supporters_CLASS_SUFFIX_DESCRIPTION"/>
                <field name="showcategory" type="radio" default="0" label="MOD_SUPPORTERS_CLASS_SHOW_CATEGORY" description="MOD_SUPPORTERS_CLASS_SHOW_CATEGORY_DESCRIPTION" class="btn-group btn-group-yesno">
                  <option value="0">JNO</option>
                  <option value="1">JYES</option>
                </field> 
                <field name="style" type="list" default="0" label="MOD_SUPPORTERS_CLASS_STYLE" description="MOD_SUPPORTERS_CLASS_SHOW_STYLE_DESCRIPTION" class="btn-group btn-group-yesno">
                  <option value="0">No style</option>
                  <option value="1">shadow</option>
					<option value="2">Responsive</option>
					<option value="3">Center</option>
                </field> 
                <field name="SupporterImage" type="radio" default="0" label="MOD_SUPPORTERS_CLASS_BE_SUPPORTER" description="MOD_SUPPORTERS_CLASS_BE_SUPPORTER_DESCRIPTION" class="btn-group btn-group-yesno">
                  <option value="0">JNO</option>
                  <option value="1">JYES</option>
                </field>      
                <field name="ImgSupporter" type="media" directory="Sponsors" />
                <field name="LinkSupportPage" type="menuitem" default="45" label="MOD_SUPPORTERS_CLASS_CONTACT_US_LINK" description="MOD_SUPPORTERS_CLASS_CONTACT_US_LINK_DESCRIPTION"/>
                <field name="Width" type="text" default="auto" label="MOD_SUPPORTERS_CLASS_BOX_WIDTH" description="MOD_SUPPORTERS_CLASS_BOX_WIDTH_DESC" filter="number"/>
                <field name="Height" type="text" default="auto" label="MOD_SUPPORTERS_CLASS_BOX_HEIGHT" description="MOD_SUPPORTERS_CLASS_BOX_HEIGHT_DESC" filter="number"/>    
        	</fieldset>
        </fields>
    </config>
</extension>