<?xml version="1.0" encoding="utf-8"?>
<extension type="component" version="3.0" method="upgrade">
    <name>com_supporters</name>
    <creationDate>2014-02-13</creationDate>
    <copyright>Aviation Media (TM) Copyright (C) 2014. All rights reserved.</copyright>
    <license>GNU General Public License version 2 or later; see LICENSE.txt</license>
    <author>Jose Cuenca</author>
    <authorEmail>jose@aviationmedia.aero</authorEmail>
    <authorUrl>http://www.aviationmedia.aero</authorUrl>
    <version>1.0.6</version>
    <description>display a list of supporters for events websites</description>
    
    <install> <!-- Runs on install -->
        <sql>
            <file driver="mysql" charset="utf8">sql/install.mysql.utf8.sql</file>
        </sql>
    </install>
    <uninstall> <!-- Runs on uninstall -->
        <sql>
            <file driver="mysql" charset="utf8">sql/uninstall.mysql.utf8.sql</file>
        </sql>
    </uninstall>

    <files folder="site">
        <filename>index.html</filename>
        <filename>supporters.php</filename>
        <filename>controller.php</filename>
        <filename>router.php</filename>
        <folder>views</folder>
        <folder>models</folder>
        <folder>controllers</folder>
        <folder>helpers</folder>
    </files>
    <languages folder="site">
        
			<language tag="en-GB">language/en-GB.com_supporters.ini</language>
    </languages>
    <administration>
        <menu img="components/com_supporters/assets/images/s_com_supporters.png" >COM_SUPPORTERS</menu>
        <submenu>
            
			<menu link="option=com_supporters&amp;view=lists" view="lists" img="components/com_supporters/assets/images/s_lists.png" alt="Supporters/Lists">COM_SUPPORTERS_TITLE_LISTS</menu>

			<menu link="option=com_categories&amp;extension=com_supporters" view="categories" img="components/com_supporters/assets/images/s_lists.png" alt="Supporters/Categories">COM_SUPPORTERS_LISTS_CATEGORY</menu>

        </submenu>
        <files folder="administrator">
            <filename>access.xml</filename>
            <filename>config.xml</filename>
            <filename>controller.php</filename>
            <filename>index.html</filename>
            <filename>supporters.php</filename>
            <folder>controllers</folder>
            <folder>assets</folder>
            <folder>helpers</folder>
            <folder>models</folder>
            <folder>sql</folder>
            <folder>views</folder>
        </files>
        <languages folder="administrator">
            <language tag="en-GB">language/en-GB.com_supporters.ini</language>
        </languages>
    </administration>
</extension>
<!-- Component built by the Joomla Component Creator -->
<!-- http://www.notwebdesign.com/joomla-component-creator/ -->
