<?xml version="1.0" encoding="utf-8"?>
<extension type="component" version="3.0" method="upgrade">
    <name>com_programme</name>
    <creationDate>2014-11-11</creationDate>
    <copyright>Copyright (C) 2014. All rights reserved.</copyright>
    <license>GNU General Public License version 2 or later; see LICENSE.txt</license>
    <author>Jose</author>
    <authorEmail>jose@aviationmedia.aero</authorEmail>
    <authorUrl>http://www.aviationmedia.aero</authorUrl>
    <version>1.2.0</version>
    <description>Display Programme for events websites</description>
    
    
    
    <install> <!-- Runs on install -->
        <sql>
            <file driver="mysql" charset="utf8">sql/install.mysql.utf8.sql</file>
        </sql>
    </install>
    <uninstall> <!-- Runs on uninstall -->
        <sql>
            <file driver="mysql" charset="utf8">sql/uninstall.mysql.utf8.sql</file>
        </sql>
    </uninstall>

    <files folder="site">
        <filename>index.html</filename>
        <filename>programme.php</filename>
        <filename>controller.php</filename>
        <filename>router.php</filename>
        <folder>views</folder>
        <folder>models</folder>
        <folder>controllers</folder>
        <folder>helpers</folder>
        <folder>assets</folder>
    </files>
    <languages folder="site">
        
			<language tag="en-GB">language/en-GB/en-GB.com_programme.ini</language>
    </languages>
    <administration>
        <menu img="components/com_programme/assets/images/s_com_programme.png" >COM_PROGRAMME</menu>
        <submenu>
            
			<menu link="option=com_programme&amp;view=programmes" view="programmes" img="components/com_programme/assets/images/s_programmes.png" alt="Programme/Programmes">COM_PROGRAMME_TITLE_PROGRAMMES</menu>

			<menu link="option=com_categories&amp;extension=com_programme" view="categories" img="components/com_programme/assets/images/s_programmes.png" alt="Programme/Categories">COM_PROGRAMME_PROGRAMMES_DAY</menu>

        </submenu>
        <files folder="administrator">
            <filename>access.xml</filename>
            <filename>config.xml</filename>
            <filename>controller.php</filename>
            <filename>index.html</filename>
            <filename>programme.php</filename>
            <folder>controllers</folder>
            <folder>assets</folder>
            <folder>helpers</folder>
            <folder>models</folder>
            <folder>sql</folder>
            <folder>tables</folder>
            <folder>views</folder>
            <folder>language</folder>
        </files>
        <languages folder="administrator">
            
			<language tag="en-GB">language/en-GB/en-GB.com_programme.ini</language>
			<language tag="en-GB">language/en-GB/en-GB.com_programme.sys.ini</language>
        </languages>
    </administration>
    <plugins>
        <plugin group="search" plugin="programme"/>
    </plugins>
    
</extension>
<!-- Component built by the Joomla Component Creator -->
<!-- http://www.component-creator.com/ -->
