<?xml version="1.0" encoding="utf-8"?>
<extension type="component" version="3.0" method="upgrade">
    <name>com_allcontacts</name>
    <creationDate>2014-11-11</creationDate>
    <copyright>Copyright (C) 2014. All rights reserved.</copyright>
    <license>GNU General Public License version 2 or later; see LICENSE.txt</license>
    <author>Jose Cuenca</author>
    <authorEmail>jose@aviationmedia.aero</authorEmail>
    <authorUrl>http://aviationmedia.aero</authorUrl>
    <version>1.0.0</version>
    <description>Shows all contacts of different categories on one page</description>
    
    
    
    <install> <!-- Runs on install -->
        <sql>
            <file driver="mysql" charset="utf8">sql/install.mysql.utf8.sql</file>
        </sql>
    </install>
    <uninstall> <!-- Runs on uninstall -->
        <sql>
            <file driver="mysql" charset="utf8">sql/uninstall.mysql.utf8.sql</file>
        </sql>
    </uninstall>

    <files folder="site">
        <filename>index.html</filename>
        <filename>allcontacts.php</filename>
        <filename>controller.php</filename>
        <filename>router.php</filename>
        <folder>views</folder>
        <folder>models</folder>
        <folder>controllers</folder>
        <folder>helpers</folder>
        <folder>assets</folder>
    </files>
    <languages folder="site">
        
			<language tag="en-GB">language/en-GB/en-GB.com_allcontacts.ini</language>
    </languages>
    <administration>
        <menu img="components/com_allcontacts/assets/images/s_com_allcontacts.png" >COM_ALLCONTACTS</menu>
        <submenu>
            
			<menu link="option=com_allcontacts&amp;view=contacts" view="contacts" img="components/com_allcontacts/assets/images/s_contacts.png" alt="Allcontacts/Contacts">COM_ALLCONTACTS_TITLE_CONTACTS</menu>

			<menu link="option=com_categories&amp;extension=com_allcontacts" view="categories" img="components/com_allcontacts/assets/images/s_contacts.png" alt="Allcontacts/Categories">COM_ALLCONTACTS_CONTACTS_DEPARTAMENT</menu>

        </submenu>
        <files folder="administrator">
            <filename>access.xml</filename>
            <filename>config.xml</filename>
            <filename>controller.php</filename>
            <filename>index.html</filename>
            <filename>allcontacts.php</filename>
            <folder>controllers</folder>
            <folder>assets</folder>
            <folder>helpers</folder>
            <folder>models</folder>
            <folder>sql</folder>
            <folder>tables</folder>
            <folder>views</folder>
            <folder>language</folder>
        </files>
        <languages folder="administrator">
            
			<language tag="en-GB">language/en-GB/en-GB.com_allcontacts.ini</language>
			<language tag="en-GB">language/en-GB/en-GB.com_allcontacts.sys.ini</language>
        </languages>
    </administration>
    <plugins>
        <plugin group="search" plugin="allcontacts"/>
    </plugins>
    
</extension>
<!-- Component built by the Joomla Component Creator -->
<!-- http://www.component-creator.com/ -->
