<?xml version="1.0" encoding="utf-8"?>
<!DOCTYPE install PUBLIC "-//Joomla! 2.5//DTD template 1.0//EN" "http://www.joomla.org/xml/dtd/2.5/template-install.dtd">

<extension version="2.5" type="template" client="site" method="upgrade">
	
	<name>Easy Template</name><!-- name the template -->
	<creationDate>2014-02-01</creationDate><!-- the date your are beginn to code -->
	<author>Jose Cuenca</author><!-- your name (oops, I repeat myself) -->
	<copyright>Copyright © xxxx example.com</copyright><!-- for who you are coding -->
	<authorEmail>your.name@example.com</authorEmail><!-- your email address -->
	<authorUrl>http://www.example.com</authorUrl><!-- your url -->
	<version>1.0.0</version><!-- give your template a number -->
	<description><![CDATA[ 
		<h1>frontend</h1>
		<p>Created by <a href="http://www.example.com" target="_blank">Jose Cuenca | example.com</a>.</p>
	]]></description><!-- change the description as you like -->
	
	<files><!-- no need to change -->
		<folder>css</folder>
		<folder>fonts</folder>
		<folder>html</folder>
		<folder>images</folder>
		<folder>js</folder>
		<folder>pre-processor</folder>
		<filename>component.php</filename>
		<filename>error.php</filename>
		<filename>index.php</filename>
		<filename>preparation.php</filename>
		<filename>offline.php</filename>
		<filename>template_preview.png</filename>
		<filename>template_thumbnail.png</filename>
		<filename>favicon.ico</filename>
		<filename>templateDetails.xml</filename>
	</files>
	
	<languages folder="language"><!-- no need to change -->
		<language tag="en-GB">en-GB.tpl_easytemplate.ini</language>
	</languages>
	
	<positions><!-- define the positions for modules here -->
		<position>debug</position>
	</positions>
	
	<config><!-- no need to change -->
		<fields name="params">

			<fieldset name="basic">

				<!-- MODERNIZR-->
				<field name="modernizr" type="radio" default="0" class="btn-group btn-group-yesno"
					label="TPL_EASYTEMPLATE_PARAMETER_MODERNIZR_LABEL" 
					description="TPL_EASYTEMPLATE_PARAMETER_MODERNIZR_DESC">
					<option value="0">JNO</option>
					<option value="1">JYES</option>
				</field>

				<!-- CSS -->
				<field name="css" type="list" default="CDN" 
					label="TPL_EASYTEMPLATE_PARAMETER_CSS_LABEL" 
					description="TPL_EASYTEMPLATE_PARAMETER_CSS_DESC">
					<option value="CDNBOOTSTRAP">TPL_EASYTEMPLATE_PARAMETER_CSS_CDNBOOTSTRAP_LABEL</option>
					<option value="SERVERBOOTSTRAP">TPL_EASYTEMPLATE_PARAMETER_CSS_SERVERBOOTSTRAP_LABEL</option>
					<option value="CDNFOUNDATION">TPL_EASYTEMPLATE_PARAMETER_CSS_CDNFOUNDATION_LABEL</option>
					<option value="SERVERFOUNDATION">TPL_EASYTEMPLATE_PARAMETER_CSS_SERVERFOUNDATION_LABEL</option>
					<option value="JOOMLA">TPL_EASYTEMPLATE_PARAMETER_CSS_JOOMLA_LABEL</option>
					<option value="MANUAL">TPL_EASYTEMPLATE_PARAMETER_CSS_MANUAL_LABEL</option>
				</field>

				<!-- responsive front-end framework -->
				<field name="bootstrap" type="list" default="CDN" 
					label="TPL_EASYTEMPLATE_PARAMETER_BOOTSTRAP_LABEL" 
					description="TPL_EASYTEMPLATE_PARAMETER_BOOTSTRAP_DESC">
					<option value="CDNBOOTSTRAP">TPL_EASYTEMPLATE_PARAMETER_CSS_CDNBOOTSTRAP_LABEL</option>
					<option value="SERVERBOOTSTRAP">TPL_EASYTEMPLATE_PARAMETER_CSS_SERVERBOOTSTRAP_LABEL</option>
					<option value="CDNFOUNDATION">TPL_EASYTEMPLATE_PARAMETER_CSS_CDNFOUNDATION_LABEL</option>
					<option value="SERVERFOUNDATION">TPL_EASYTEMPLATE_PARAMETER_CSS_SERVERFOUNDATION_LABEL</option>
					<option value="JOOMLA">TPL_EASYTEMPLATE_PARAMETER_CSS_JOOMLA_LABEL</option>
					<option value="NO">TPL_EASYTEMPLATE_PARAMETER_CSS_MANUAL_LABEL</option>
				</field>

				<!-- FONT-AWESOME -->
				<field name="fontawesome" type="radio" default="0" class="btn-group btn-group-yesno"
					label="TPL_EASYTEMPLATE_PARAMETER_FONTAWESOME_LABEL" 
					description="TPL_EASYTEMPLATE_PARAMETER_FONTAWESOME_DESC">
					<option value="0">JNO</option>
					<option value="1">JYES</option>
				</field>

				<!-- JQUERY -->
				<field name="jquery" type="list" default="CDN" 
					label="TPL_EASYTEMPLATE_PARAMETER_JQUERY_LABEL" 
					description="TPL_EASYTEMPLATE_PARAMETER_JQUERY_DESC">
					<option value="CDN">TPL_EASYTEMPLATE_PARAMETER_JQUERY_CDN</option>
					<option value="SERVER">TPL_EASYTEMPLATE_PARAMETER_JQUERY_SERVER</option>
					<option value="JOOMLA">TPL_EASYTEMPLATE_PARAMETER_JQUERY_DEFAULT</option>
					<option value="NO">TPL_EASYTEMPLATE_PARAMETER_JQUERY_NOT</option>
				</field>


				<!-- GOOGLE FONT-->
                <field name="googlefont" type="list" default=""
                	label="TPL_EASYTEMPLATE_PARAMETER_GOOGLEFONT_LABEL"
                	description="TPL_EASYTEMPLATE_PARAMETER_GOOGLEFONT_DESC">
					<option value="">-- Select one option --</option>
					<option value="Aclonica">Aclonica</option>
					<option value="Allan">Allan</option>
					<option value="Annie+Use+Your+Telescope">Annie Use Your Telescope</option>
					<option value="Anonymous+Pro">Anonymous Pro</option>
					<option value="Allerta+Stencil">Allerta Stencil</option>
					<option value="Allerta">Allerta</option>
					<option value="Amaranth">Amaranth</option>
					<option value="Anton">Anton</option>
					<option value="Architects+Daughter">Architects Daughter</option>
					<option value="Arimo">Arimo</option>
					<option value="Artifika">Artifika</option>
					<option value="Arvo">Arvo</option>
					<option value="Asset">Asset</option>
					<option value="Astloch">Astloch</option>
					<option value="Bangers">Bangers</option>
					<option value="Bentham">Bentham</option>
					<option value="Bevan">Bevan</option>
					<option value="Bigshot+One">Bigshot One</option>
					<option value="Bowlby+One">Bowlby One</option>
					<option value="Bowlby+One+SC">Bowlby One SC</option>
					<option value="Brawler">Brawler </option>
					<option value="Buda:300">Buda</option>
					<option value="Cabin">Cabin</option>
					<option value="Calligraffitti">Calligraffitti</option>
					<option value="Candal">Candal</option>
					<option value="Cantarell">Cantarell</option>
					<option value="Cardo">Cardo</option>
					<option value="Carter One">Carter One</option>
					<option value="Caudex">Caudex</option>
					<option value="Cedarville+Cursive">Cedarville Cursive</option>
					<option value="Cherry+Cream+Soda">Cherry Cream Soda</option>
					<option value="Chewy">Chewy</option>
					<option value="Coda">Coda</option>
					<option value="Coming+Soon">Coming Soon</option>
					<option value="Copse">Copse</option>
					<option value="Corben:700">Corben</option>
					<option value="Cousine">Cousine</option>
					<option value="Covered+By+Your+Grace">Covered By Your Grace</option>
					<option value="Crafty+Girls">Crafty Girls</option>
					<option value="Crimson+Text">Crimson Text</option>
					<option value="Crushed">Crushed</option>
					<option value="Cuprum">Cuprum</option>
					<option value="Damion">Damion</option>
					<option value="Dancing+Script">Dancing Script</option>
					<option value="Dawning+of+a+New+Day">Dawning of a New Day</option>
					<option value="Didact+Gothic">Didact Gothic</option>
					<option value="Droid+Sans">Droid Sans</option>
					<option value="Droid+Sans+Mono">Droid Sans Mono</option>
					<option value="Droid+Serif">Droid Serif</option>
					<option value="EB+Garamond">EB Garamond</option>
					<option value="Expletus+Sans">Expletus Sans</option>
					<option value="Fontdiner+Swanky">Fontdiner Swanky</option>
					<option value="Forum">Forum</option>
					<option value="Francois+One">Francois One</option>
					<option value="Geo">Geo</option>
					<option value="Give+You+Glory">Give You Glory</option>
					<option value="Goblin+One">Goblin One</option>
					<option value="Goudy+Bookletter+1911">Goudy Bookletter 1911</option>
					<option value="Gravitas+One">Gravitas One</option>
					<option value="Gruppo">Gruppo</option>
					<option value="Hammersmith+One">Hammersmith One</option>
					<option value="Holtwood+One+SC">Holtwood One SC</option>
					<option value="Homemade+Apple">Homemade Apple</option>
					<option value="Inconsolata">Inconsolata</option>
					<option value="Indie+Flower">Indie Flower</option>
					<option value="IM+Fell+DW+Pica">IM Fell DW Pica</option>
					<option value="IM+Fell+DW+Pica+SC">IM Fell DW Pica SC</option>
					<option value="IM+Fell+Double+Pica">IM Fell Double Pica</option>
					<option value="IM+Fell+Double+Pica+SC">IM Fell Double Pica SC</option>
					<option value="IM+Fell+English">IM Fell English</option>
					<option value="IM+Fell+English+SC">IM Fell English SC</option>
					<option value="IM+Fell+French+Canon">IM Fell French Canon</option>
					<option value="IM+Fell+French+Canon+SC">IM Fell French Canon SC</option>
					<option value="IM+Fell+Great+Primer">IM Fell Great Primer</option>
					<option value="IM+Fell+Great+Primer+SC">IM Fell Great Primer SC</option>
					<option value="Irish+Grover">Irish Grover</option>
					<option value="Irish+Growler">Irish Growler</option>
					<option value="Istok+Web">Istok Web</option>
					<option value="Josefin+Sans">Josefin Sans Regular 400</option>
					<option value="Josefin+Slab">Josefin Slab Regular 400</option>
					<option value="Judson">Judson</option>
					<option value="Jura"> Jura Regular</option>
					<option value="Jura:500"> Jura 500</option>
					<option value="Jura:600"> Jura 600</option>
					<option value="Just+Another+Hand">Just Another Hand</option>
					<option value="Just+Me+Again+Down+Here">Just Me Again Down Here</option>
					<option value="Kameron">Kameron</option>
					<option value="Kenia">Kenia</option>
					<option value="Kranky">Kranky</option>
					<option value="Kreon">Kreon</option>
					<option value="Kristi">Kristi</option>
					<option value="La+Belle+Aurore">La Belle Aurore</option>
					<option value="Lato:100">Lato 100</option>
					<option value="Lato:100italic">Lato 100 (plus italic)</option>
					<option value="Lato:300">Lato Light 300</option>
					<option value="Lato:300,400,700">Lato</option>
					<option value="Lato:bold">Lato Bold 700</option>
					<option value="Lato:900">Lato 900</option>
					<option value="League+Script">League Script</option>
					<option value="Lekton"> Lekton </option>
					<option value="Limelight"> Limelight </option>
					<option value="Lobster">Lobster</option>
					<option value="Lobster Two">Lobster Two</option>
					<option value="Lora">Lora</option>
					<option value="Love+Ya+Like+A+Sister">Love Ya Like A Sister</option>
					<option value="Loved+by+the+King">Loved by the King</option>
					<option value="Luckiest+Guy">Luckiest Guy</option>
					<option value="Maiden+Orange">Maiden Orange</option>
					<option value="Mako">Mako</option>
					<option value="Maven+Pro"> Maven Pro</option>
					<option value="Maven+Pro:500"> Maven Pro 500</option>
					<option value="Maven+Pro:700"> Maven Pro 700</option>
					<option value="Maven+Pro:900"> Maven Pro 900</option>
					<option value="Meddon">Meddon</option>
					<option value="MedievalSharp">MedievalSharp</option>
					<option value="Megrim">Megrim</option>
					<option value="Merriweather">Merriweather</option>
					<option value="Metrophobic">Metrophobic</option>
					<option value="Michroma">Michroma</option>
					<option value="Miltonian Tattoo">Miltonian Tattoo</option>
					<option value="Miltonian">Miltonian</option>
					<option value="Modern Antiqua">Modern Antiqua</option>
					<option value="Monofett">Monofett</option>
					<option value="Molengo">Molengo</option>
					<option value="Mountains of Christmas">Mountains of Christmas</option>
					<option value="Muli:300">Muli Light</option>
					<option value="Muli">Muli Regular</option>
					<option value="Neucha">Neucha</option>
					<option value="Neuton">Neuton</option>
					<option value="News+Cycle">News Cycle</option>
					<option value="Nixie+One">Nixie One</option>
					<option value="Nobile">Nobile</option>
					<option value="Nova+Cut">Nova Cut</option>
					<option value="Nova+Flat">Nova Flat</option>
					<option value="Nova+Mono">Nova Mono</option>
					<option value="Nova+Oval">Nova Oval</option>
					<option value="Nova+Round">Nova Round</option>
					<option value="Nova+Script">Nova Script</option>
					<option value="Nova+Slim">Nova Slim</option>
					<option value="Nova+Square">Nova Square</option>
					<option value="Nunito:light"> Nunito Light</option>
					<option value="Nunito"> Nunito Regular</option>
					<option value="OFL+Sorts+Mill+Goudy+TT">OFL Sorts Mill Goudy TT</option>
					<option value="Old+Standard+TT">Old Standard TT</option>
					<option value="Open+Sans:300">Open Sans light</option>
					<option value="Open+Sans">Open Sans regular</option>
					<option value="Open+Sans:600">Open Sans 600</option>
					<option value="Open+Sans:800">Open Sans bold</option>
					<option value="Open+Sans+Condensed:300">Open Sans Condensed</option>
					<option value="Orbitron">Orbitron Regular (400)</option>
					<option value="Orbitron:500">Orbitron 500</option>
					<option value="Orbitron:700">Orbitron Regular (700)</option>
					<option value="Orbitron:900">Orbitron 900</option>
					<option value="Oswald">Oswald</option>
					<option value="Over+the+Rainbow">Over the Rainbow</option>
					<option value="Reenie+Beanie">Reenie Beanie</option>
					<option value="Pacifico">Pacifico</option>
					<option value="Patrick+Hand">Patrick Hand</option>
					<option value="Paytone+One">Paytone One</option>
					<option value="Permanent+Marker">Permanent Marker</option>
					<option value="Philosopher">Philosopher</option>
					<option value="Play">Play</option>
					<option value="Playfair+Display"> Playfair Display </option>
					<option value="Podkova"> Podkova </option>
					<option value="PT+Sans">PT Sans</option>
					<option value="PT+Sans+Narrow">PT Sans Narrow</option>
					<option value="PT+Sans+Narrow:regular,bold">PT Sans Narrow (plus bold)</option>
					<option value="PT+Serif">PT Serif</option>
					<option value="PT+Serif Caption">PT Serif Caption</option>
					<option value="Puritan">Puritan</option>
					<option value="Quattrocento">Quattrocento</option>
					<option value="Quattrocento+Sans">Quattrocento Sans</option>
					<option value="Radley">Radley</option>
					<option value="Raleway:100">Raleway</option>
					<option value="Redressed">Redressed</option>
					<option value="Rock+Salt">Rock Salt</option>
					<option value="Rokkitt">Rokkitt</option>
					<option value="Ruslan+Display">Ruslan Display</option>
					<option value="Schoolbell">Schoolbell</option>
					<option value="Shadows+Into+Light">Shadows Into Light</option>
					<option value="Shanti">Shanti</option>
					<option value="Sigmar+One">Sigmar One</option>
					<option value="Six+Caps">Six Caps</option>
					<option value="Slackey">Slackey</option>
					<option value="Smythe">Smythe</option>
					<option value="Sniglet:800">Sniglet</option>
					<option value="Special+Elite">Special Elite</option>
					<option value="Stardos+Stencil">Stardos Stencil</option>
					<option value="Sue+Ellen+Francisco">Sue Ellen Francisco</option>
					<option value="Sunshiney">Sunshiney</option>
					<option value="Swanky+and+Moo+Moo">Swanky and Moo Moo</option>
					<option value="Syncopate">Syncopate</option>
					<option value="Tangerine">Tangerine</option>
					<option value="Tenor+Sans"> Tenor Sans </option>
					<option value="Terminal+Dosis+Light">Terminal Dosis Light</option>
					<option value="The+Girl+Next+Door">The Girl Next Door</option>
					<option value="Tinos">Tinos</option>
					<option value="Ubuntu">Ubuntu</option>
					<option value="Ultra">Ultra</option>
					<option value="Unkempt">Unkempt</option>
					<option value="UnifrakturCook:bold">UnifrakturCook</option>
					<option value="UnifrakturMaguntia">UnifrakturMaguntia</option>
					<option value="Varela">Varela</option>
					<option value="Varela Round">Varela Round</option>
					<option value="Vibur">Vibur</option>
					<option value="Vollkorn">Vollkorn</option>
					<option value="VT323">VT323</option>
					<option value="Waiting+for+the+Sunrise">Waiting for the Sunrise</option>
					<option value="Wallpoet">Wallpoet</option>
					<option value="Walter+Turncoat">Walter Turncoat</option>
					<option value="Wire+One">Wire One</option>
					<option value="Yanone+Kaffeesatz">Yanone Kaffeesatz</option>
					<option value="Yanone+Kaffeesatz:300">Yanone Kaffeesatz:300</option>
					<option value="Yanone+Kaffeesatz:400">Yanone Kaffeesatz:400</option>
					<option value="Yanone+Kaffeesatz:700">Yanone Kaffeesatz:700</option>
					<option value="Yeseva+One">Yeseva One</option>
					<option value="Zeyada">Zeyada</option>
				</field>

			</fieldset>
			
			<fieldset name="TPL_EASYTEMPLATE_PARAMETER_MOOTOOLS">
			
			
			<field type="spacer" name="myspacer" class="text"
			label="TPL_EASYTEMPLATE_PARAMETER_SPACER_LABEL"
			/>	
		
				<field name="mootools" type="radio" default="0" class="btn-group btn-group-yesno"
					label="TPL_EASYTEMPLATE_PARAMETER_MOOTOOLS_LABEL" 
					description="TPL_EASYTEMPLATE_PARAMETER_MOOTOOLS_DESC">
						<option value="0">JNO</option>
						<option value="1">JYES</option>
	
				</field>
				<field
					name="mootoolsItemids"
					type="text"
					default="9999"
					label="TPL_EASYTEMPLATE_FIELD_MOOTOOLS_ITEMIDS_LABEL"
					description="TPL_EASYTEMPLATE_FIELD_MOOTOOLS_ITEMIDS_DESC"
				/>
				<field
					name="editingMootools" class="btn-group btn-group-yesno"
					type="radio"
					default="1"
					label="TPL_EASYTEMPLATE_FIELD_LOAD_EDITING_MOOTOOLS_LABEL"
					description="TPL_EASYTEMPLATE_FIELD_LOAD_EDITING_MOOTOOLS_DESC">
						<option value="1">JYES</option>
						<option value="0">JNO</option>
				</field>
				<!-- Disable JavaScript -->	
				<field name="disablejs" type="radio" default="0"  class="btn-group btn-group-yesno"
					label="TPL_EASYTEMPLATE_PARAMETER_DISABLEJS_LABEL" 
					description="TPL_EASYTEMPLATE_PARAMETER_DISABLEJS_DESC">
					<option value="0">JNO</option>
					<option value="1">JYES</option>
				</field> 

				<!-- JavaScript Files -->
				<field name="nojs" type="textarea" 
					label="TPL_EASYTEMPLATE_PARAMETER_FNJS_LABEL" 
					description="TPL_EASYTEMPLATE_PARAMETER_FNJS_LABEL" 
					cols="30" default="mootools-core.js,caption.js" rows="4" />

				<!-- Disable CSS -->
				<field name="disablecss" type="radio" default="0" class="btn-group btn-group-yesno"
					label="TPL_EASYTEMPLATE_PARAMETER_DISABLECSS_LABEL" 
					description="TPL_EASYTEMPLATE_PARAMETER_DISABLECSS_DESC">
					<option value="0">JNO</option>
					<option value="1">JYES</option>	
				</field>

				<!-- CSS Files -->
				<field name="nocss" type="textarea" 
					label="TPL_EASYTEMPLATE_PARAMETER_FNCSS_LABEL" 
					description="TPL_EASYTEMPLATE_PARAMETER_FNCSS_DESC" 
					cols="30" rows="4" />

			</fieldset>
			<fieldset name="TPL_EASYTEMPLATE_ADVANCED_JS_LIBRARIES_LABEL">
				<field name="metrojs" type="radio" default="0" class="btn-group btn-group-yesno"
					label="TPL_EASYTEMPLATE_PARAMETER_METROJS_LABEL" 
					description="TPL_EASYTEMPLATE_PARAMETER_METROJS_DESC">
					<option value="0">JNO</option>
					<option value="1">JYES</option>
				</field> 
			</fieldset>
			<fieldset name="TPL_EASYTEMPLATE_JS_CONFLICTS_LABEL">
				<field name="removecaptionjs" type="radio" default="0" class="btn-group btn-group-yesno"
					label="TPL_EASYTEMPLATE_PARAMETER_RCAPTIONJS_LABEL" 
					description="TPL_EASYTEMPLATE_PARAMETER_RCAPTIONJS_DESC">
					<option value="0">JNO</option>
					<option value="1">JYES</option>
				</field> 
			
			</fieldset>
			<fieldset name="TPL_EASYTEMPLATE_ADVANCED_ERROR_PAGES_LABEL">
				<field type="spacer" name="errorPage" 
				label="TPL_EASYTEMPLATE_PARAMETER_ERROR_PAGE_LABEL"
				/>
			</fieldset>
			<fieldset name="TPL_EASYTEMPLATE_JS_CONFLICTS_LABEL">
				<field name="removecaptionjs" type="radio" default="0" class="btn-group btn-group-yesno"
					label="TPL_EASYTEMPLATE_PARAMETER_RCAPTIONJS_LABEL" 
					description="TPL_EASYTEMPLATE_PARAMETER_RCAPTIONJS_DESC">
					<option value="0">JNO</option>
					<option value="1">JYES</option>
				</field> 
			
			</fieldset>
			<fieldset name="TPL_EASYTEMPLATE_ADVANCED_CSS_PREPROCESSOR_LABEL">
				<field type="spacer" name="lesscompiler" 
				label="TPL_EASYTEMPLATE_PARAMETER_LESSCOMPILER_LABEL"
				/>
				<field name="less" type="radio" default="0" class="btn-group btn-group-yesno"
					label="TPL_EASYTEMPLATE_PARAMETER_LESS_LABEL" 
					description="TPL_EASYTEMPLATE_PARAMETER_LESS_DESC">
					<option value="0">JNO</option>
					<option value="1">JYES</option>
				</field> 
			</fieldset>
		</fields>
	</config>
	
</extension>
