<?xml version="1.0" encoding="utf-8"?>
<extension type="component" version="3.0" method="upgrade">
    <name>com_emptyhome</name>
    <creationDate>2014-04-24</creationDate>
    <copyright>Copyright (C) 2014. All rights reserved.</copyright>
    <license>GNU General Public License version 2 or later; see LICENSE.txt</license>
    <author>Jose</author>
    <authorEmail>jose@aviationmedia.aero</authorEmail>
    <authorUrl>http://www.aviationmedia.aero</authorUrl>
    <version>1.0.0</version>
    <description>Component that not display anything for home without component</description>
    
    <install> <!-- Runs on install -->
        <sql>
            <file driver="mysql" charset="utf8">sql/install.mysql.utf8.sql</file>
        </sql>
    </install>
    <uninstall> <!-- Runs on uninstall -->
        <sql>
            <file driver="mysql" charset="utf8">sql/uninstall.mysql.utf8.sql</file>
        </sql>
    </uninstall>

    <files folder="site">
        <filename>index.html</filename>
        <filename>emptyhome.php</filename>
        <filename>controller.php</filename>
        <filename>router.php</filename>
        <folder>views</folder>
        <folder>models</folder>
        <folder>controllers</folder>
        <folder>helpers</folder>
    </files>
    <languages folder="site">
        
			<language tag="en-GB">language/en-GB.com_emptyhome.ini</language>
			<language tag="ru-RU">language/ru-RU.com_emptyhome.ini</language>
			<language tag="es-ES">language/es-ES.com_emptyhome.ini</language>
    </languages>
    <administration>
        <menu img="components/com_emptyhome/assets/images/s_com_emptyhome.png" >COM_EMPTYHOME</menu>
        <submenu>
            
			<menu link="option=com_emptyhome&amp;view=emptys" view="emptys" img="components/com_emptyhome/assets/images/s_emptys.png" alt="Emptyhome/Emptys">COM_EMPTYHOME_TITLE_EMPTYS</menu>

        </submenu>
        <files folder="administrator">
            <filename>access.xml</filename>
            <filename>config.xml</filename>
            <filename>controller.php</filename>
            <filename>index.html</filename>
            <filename>emptyhome.php</filename>
            <folder>controllers</folder>
            <folder>assets</folder>
            <folder>helpers</folder>
            <folder>models</folder>
            <folder>sql</folder>
            <folder>tables</folder>
            <folder>views</folder>
        </files>
        <languages folder="administrator">
            
			<language tag="en-GB">language/en-GB.com_emptyhome.ini</language>
			<language tag="en-GB">language/en-GB.com_emptyhome.sys.ini</language>
			<language tag="ru-RU">language/ru-RU.com_emptyhome.ini</language>
			<language tag="ru-RU">language/ru-RU.com_emptyhome.sys.ini</language>
			<language tag="es-ES">language/es-ES.com_emptyhome.ini</language>
			<language tag="es-ES">language/es-ES.com_emptyhome.sys.ini</language>
        </languages>
    </administration>
</extension>
<!-- Component built by the Joomla Component Creator -->
<!-- http://www.component-creator.com/ -->
