<?xml version="1.0" encoding="utf-8"?>
<extension type="module" version="3.0.0" client="site" method="upgrade">
    <name>Info Jordan box</name>
    <author>Jose Cuenca</author>
    <version>1.0.0</version>
    <description>Display Metro design Boxes</description>
    <files>
        <filename>mod_infojordanbox.xml</filename>
        <filename module="mod_infojordanbox" label="Metro Box">mod_infojordanbox.php</filename>
        <filename>index.html</filename>
        <filename>helper.php</filename>
        <filename>tmpl/default.php</filename>
        <filename>tmpl/index.html</filename>
    </files>
    <languages>
		<language tag="en-GB">en-GB.mod_infojordanbox.ini</language>
	</languages>
    <config>
		<fields name="params">
		    <fieldset name="Basic">
 	       	
 	       	</fieldset>     
   	        <fieldset name="MOD_OPTION_PLAIN">
   	        <field
   	        	name="activateplaintile"
   	        	type="radio"
   	        	class="btn-group btn-group-yesno"
   	        	default="0"
   	        	label="MOD_INFOJORDANBOX_ACTIVATE_LABEL"
   	        	description="MOD_INFOJORDANBOX_ACTIVATE_DESC">
   	        	<option value="1">JYES</option>
   	        	<option value="0">JNO</option>
   	        </field>	
			 <field name="plaintitlecategory" type="list" default="" label="MOD_INFOJORDANBOX_PLAINTILECATEGORY_LABEL" description="MOD_INFOJORDANBOX_PLAINTILECATEGORY_DESC">
				<option value="about">About</option>
				<option value="atlanta">Atlanta</option>
				<option value="programme">Programme</option>
				<option value="speakers">Speakers</option>
				<option value="networking">Networking</option>
				<option value="brochure">Brochure</option>
				<option value="gallery">Gallery</option>
				<option value="location">location</option>
				<option value="supporters">Supporters</option>
				<option value="sponsor">Sponsor</option>
				<option value="exhibition">Exhibition</option>
				<option value="contact">Contact Us</option>
				<option value="register">Register</option>
			 </field>
			 <field name="plaintitledirection" type="list" default="1" label="MOD_INFOJORDANBOX_PLAINTILEDIRECTION_LABEL" description="MOD_INFOJORDANBOX_PLAINTILEDIRECTION_DESC">
			 	<option value="1">Static</option>
			 	<option value="2">Horizontal</option>
			 	<option value="3">Vertical</option>
			 </field>
			 <field name="plaintitleeffect" type="list" default="slide" label="MOD_INFOJORDANBOX_PLAINTILEEFFECT_LABEL" description="MOD_INFOJORDANBOX_PLAINTILEEFFECT_DESC">
			 	<option value="slide">slide two tile faces at an arbitrary number of stopping points</option>
			 	<option value="flip">flip two tile faces in a vertical or horizontal direction</option>
			 </field>
			 <field name="plaintitleimage" label="MOD_INFOJORDANBOX_PLAINTILEIMAGE_LABEL" type="media" directory="icons" />
			 <field name="plaintitletext" type="text" default="Some text" label="MOD_INFOJORDANBOX_PLAINTILETEXT_LABEL" description="MOD_INFOJORDANBOX_ACTIVATEHOVER1TITLE_DESC" size="10" />
   	        </fieldset> 	

   	             <fieldset name="MOD_OPTION_4TILES">
   	             <field
   	             	name="activate4tiles"
   	             	type="radio"
   	             	class="btn-group btn-group-yesno"
   	             	default="0"
   	             	label="MOD_INFOJORDANBOX_ACTIVATE_LABEL"
   	             	description="MOD_INFOJORDANBOX_ACTIVATE_DESC">
   	             	<option value="1">JYES</option>
   	             	<option value="0">JNO</option>
   	             </field>	
   	           <field name="4titlescategories" type="list" multiple="true" default="" label="MOD_INFOJORDANBOX_4TILESCATEGORIES_LABEL" description="MOD_INFOJORDANBOX_4TILESCATEGORIES_DESC">
   	           	<option value="about">About</option>
   	           	<option value="atlanta">Atlanta</option>
   	           	<option value="programme">Programme</option>
   	           	<option value="speakers">Speakers</option>
   	           	<option value="networking">Networking</option>
   	           	<option value="brochure">Brochure</option>
   	           	<option value="gallery">Gallery</option>
   	           	<option value="location">location</option>
   	           	<option value="supporters">Supporters</option>
   	           	<option value="sponsor">Sponsor</option>
   	           	<option value="exhibition">Exhibition</option>
   	           	<option value="contact">Contact Us</option>
   	           	<option value="register">Register</option>
   	           </field>
   	             </fieldset>
   	             	  <fieldset name="MOD_OPTION_CAROUSEL">
   	             	  <field
   	             	  	name="activatecarousel"
   	             	  	type="radio"
   	             	  	class="btn-group btn-group-yesno"
   	             	  	default="0"
   	             	  	label="MOD_INFOJORDANBOX_ACTIVATE_LABEL"
   	             	  	description="MOD_INFOJORDANBOX_ACTIVATE_DESC">
   	             	  	<option value="1">JYES</option>
   	             	  	<option value="0">JNO</option>
   	             	  </field>	
   	             	<field name="carouselcategories" type="list" multiple="true" default="" label="MOD_INFOJORDANBOX_CAROUSEL_LABEL" description="MOD_INFOJORDANBOX_CAROUSEL_DESC">
   	             		<option value="about">About</option>
   	             		<option value="atlanta">Atlanta</option>
   	             		<option value="programme">Programme</option>
   	             		<option value="speakers">Speakers</option>
   	             		<option value="networking">Networking</option>
   	             		<option value="brochure">Brochure</option>
   	             		<option value="gallery">Gallery</option>
   	             		<option value="location">location</option>
   	             		<option value="supporters">Supporters</option>
   	             		<option value="sponsor">Sponsor</option>
   	             		<option value="exhibition">Exhibition</option>
   	             		<option value="contact">Contact Us</option>
   	             		<option value="register">Register</option>
   	             	</field>
   	             	  </fieldset>
   	             	  
   	             	  
   	             	  <fieldset name="MOD_OPTION_CAROUSEL_IMAGES">
   	             	    <field
   	             	    	name="activatecarouselimages"
   	             	    	type="radio"
   	             	    	class="btn-group btn-group-yesno"
   	             	    	default="0"
   	             	    	label="MOD_INFOJORDANBOX_ACTIVATE_LABEL"
   	             	    	description="MOD_INFOJORDANBOX_ACTIVATE_DESC">
   	             	    	<option value="1">JYES</option>
   	             	    	<option value="0">JNO</option>
   	             	    </field>	
   	             	  	 <field name="carouselimage1" label="MOD_INFOJORDANBOX_CAROUSELIMAGE_LABEL" type="media" directory="icons" />
   	             	  	 <field name="carouselimagelink1" type="text" default="" label="MOD_INFOJORDANBOX_CAROUSELIMAGELLINK_LABEL" description="MOD_INFOJORDANBOX_ACTIVATEHOVER1TEXT_DESC" size="50" />
   	             	  	<field name="carouselimage2" label="MOD_INFOJORDANBOX_CAROUSELIMAGE_LABEL" type="media" directory="icons" />
   	             	  	<field name="carouselimagelink2" type="text" default="" label="MOD_INFOJORDANBOX_CAROUSELIMAGELLINK_LABEL" description="MOD_INFOJORDANBOX_ACTIVATEHOVER1TEXT_DESC" size="50" />
   	             	  	
   	             	  	<field name="carouselimage3" label="MOD_INFOJORDANBOX_CAROUSELIMAGE_LABEL" type="media" directory="icons" />
   	             	  	
   	             	  	<field name="carouselimagelink3" type="text" default="horizontal" label="MOD_INFOJORDANBOX_CAROUSELIMAGELLINK_LABEL" description="MOD_INFOJORDANBOX_ACTIVATEHOVER1TEXT_DESC" size="50" />
   	             	  	
   	             	  	<field name="carouselimage4" label="MOD_INFOJORDANBOX_CAROUSELIMAGE_LABEL" type="media" directory="icons" />
   	             	  	 <field name="carouselimagelink4" type="text" default="" label="MOD_INFOJORDANBOX_CAROUSELIMAGELLINK_LABEL" description="MOD_INFOJORDANBOX_ACTIVATEHOVER1TEXT_DESC" size="50" />
   	             	   	             	  	   
   	             	  <field name="carouselimagedelay" type="text" default="3000" filter="integer" label="MOD_INFOJORDANBOX_CAROUSELIMAGEDELAY_LABEL" description="MOD_INFOJORDANBOX_ACTIVATEHOVER1TITLE_DESC" size="10" />
   	             	  <field name="carouselimagedirection" type="text" default="horizontal" label="MOD_INFOJORDANBOX_CAROUSELIMAGEDIRECTION_LABEL" description="MOD_INFOJORDANBOX_ACTIVATEHOVER1TEXT_DESC" size="10" />
   	             	  </fieldset>
   	             	  
   	             	  
   	             	  
   	             	  
   	               	  <fieldset name="MOD_OPTION_CUSTOM">
   	             	  <field
   	             	  	name="activatecustom"
   	             	  	type="radio"
   	             	  	class="btn-group btn-group-yesno"
   	             	  	default="0"
   	             	  	label="MOD_INFOJORDANBOX_ACTIVATE_LABEL"
   	             	  	description="MOD_INFOJORDANBOX_ACTIVATE_DESC">
   	             	  	<option value="1">JYES</option>
   	             	  	<option value="0">JNO</option>
   	             	  </field>	
   	             		<field name="backgroundcustomcolour" type="color" default="#eee"
   	             		        label="MOD_INFOJORDANBOX_BACKGROUNDCUSTOMCOLOUR_LABEL"
   	             		        description="MOD_INFOJORDANBOX_BACKGROUNDCUSTOMCOLOUR_DESC" />
   	             		<field name="customlink" type="url" default="http://www.example.com" label="MOD_INFOJORDANBOX_CUSTOMLINK_LABEL" description="MOD_INFOJORDANBOX_CUSTOMLINK_DESC" size="10" />        
   	             	  <field name="customimage" type="media" directory="icons" />
   	             	  <field name="customtitle" type="text" default="TITLE" label="MOD_INFOJORDANBOX_CUSTOMTITLE_LABEL" description="MOD_INFOJORDANBOX_CUSTOMTITLE_DESC" size="10" />
   	             	  </fieldset>
					  <fieldset name="MOD_OPTION_HOVERPEEK">
					<field
						name="activatehoverpeek"
						type="radio"
						class="btn-group btn-group-yesno"
						default="0"
						label="MOD_INFOJORDANBOX_ACTIVATE_LABEL"
						description="MOD_INFOJORDANBOX_ACTIVATE_DESC">
						<option value="1">JYES</option>
						<option value="0">JNO</option>
						</field>
						<field name="activatehovercategories" type="list" multiple="true" default="" label="MOD_INFOJORDANBOX_ACTIVATEHOVER_LABEL" description="MOD_ACTIVATEHOVER_DESC">
							<option value="about">About</option>
							<option value="atlanta">Atlanta</option>
							<option value="programme">Programme</option>
							<option value="speakers">Speakers</option>
							<option value="networking">Networking</option>
							<option value="brochure">Brochure</option>
							<option value="gallery">Gallery</option>
							<option value="location">location</option>
							<option value="supporters">Supporters</option>
							<option value="sponsor">Sponsor</option>
							<option value="exhibition">Exhibition</option>
							<option value="contact">Contact Us</option>
							<option value="register">Register</option>
						</field>
						<field name="activatehovertile1title" type="text" default="Some text" label="MOD_INFOJORDANBOX_ACTIVATEHOVER1TITLE_LABEL" description="MOD_INFOJORDANBOX_ACTIVATEHOVER1TITLE_DESC" size="10" />
						<field name="activatehovertile1text" type="text" default="Some text" label="MOD_INFOJORDANBOX_ACTIVATEHOVER1TEXT_LABEL" description="MOD_INFOJORDANBOX_ACTIVATEHOVER1TEXT_DESC" size="10" />
						<field name="activatehovertile2title" type="text" default="Some text" label="MOD_INFOJORDANBOX_ACTIVATEHOVER2TITLE_LABEL" description="MOD_INFOJORDANBOX_ACTIVATEHOVER2TITLE_DESC" size="10" />
						<field name="activatehovertile2text" type="text" default="Some text" label="MOD_INFOJORDANBOX_ACTIVATEHOVER2TEXT_LABEL" description="MOD_INFOJORDANBOX_ACTIVATEHOVER2TEXT_DESC" size="10" />
						<field name="activatehovertile3title" type="text" default="Some text" label="MOD_INFOJORDANBOX_ACTIVATEHOVER3TITLE_LABEL" description="MOD_INFOJORDANBOX_ACTIVATEHOVER3TITLE_DESC" size="10" />
						<field name="activatehovertile3text" type="text" default="Some text" label="MOD_INFOJORDANBOX_ACTIVATEHOVER3TEXT_LABEL" description="MOD_INFOJORDANBOX_ACTIVATEHOVER3TEXT_DESC" size="10" />
					</fieldset>   	             	  
        </fields>
    </config>
</extension>